{"valid_0_binary_logloss": 0.006854320641395658, "valid_1_binary_logloss": 0.008259370180555854, "_step": 46745, "_runtime": 3685, "_timestamp": 1610389237}